model,threshold,accuracy,precision,recall,f1,tp,fp,tn,fn
boosting,0.0,0.034409184813899145,0.034409184813899145,1.0,0.06652915561667158,4064,114044,0,0
boosting,0.01,0.04202086226165882,0.03466516504986904,0.999753937007874,0.0670069513733704,4063,113144,900,1
boosting,0.02,0.06976665424865378,0.03565409732462608,0.999507874015748,0.06885212556783511,4062,109866,4178,2
boosting,0.03,0.11050055881058014,0.0371921656325326,0.9985236220472441,0.07171321781697047,4058,105051,8993,6
boosting,0.04,0.15611135570833473,0.03903492700237218,0.9960629921259843,0.07512573538964051,4048,99654,14390,16
boosting,0.05,0.20225556270532055,0.041041356981408705,0.9918799212598425,0.07882129798009425,4031,94187,19857,33
boosting,0.06,0.2461560605547465,0.04315192963213867,0.9874507874015748,0.0826902669455291,4013,88984,25060,51
boosting,0.07,0.28751651031259523,0.045410167336466634,0.984251968503937,0.08681497558328811,4000,84086,29958,64
boosting,0.08,0.32548176245470245,0.047650958523801544,0.9798228346456693,0.09088211799612005,3982,79584,34460,82
boosting,0.09,0.36494564297084026,0.050317575019967295,0.9766240157480315,0.09570427884209638,3969,74910,39134,95
boosting,0.1,0.40149693500863615,0.05308701601867504,0.9736712598425197,0.100684460955192,3957,70581,43463,107
boosting,0.11,0.43400955058082435,0.05574424726161162,0.969242125984252,0.10542515322645399,3939,66723,47321,125
boosting,0.12,0.46340637382734445,0.05837502978317846,0.9645669291338582,0.1100876207593799,3920,63232,50812,144
boosting,0.13,0.49260846005351033,0.06135653375630133,0.9613681102362205,0.11535111675351707,3907,59770,54274,157
boosting,0.14,0.5189064246283063,0.06422942857614855,0.9566929133858267,0.12037710729600447,3888,56645,57399,176
boosting,0.15,0.5431723507298405,0.06716638037235612,0.9525098425196851,0.1254842212749404,3871,53762,60282,193
boosting,0.16,0.5661174518237545,0.07021443276430614,0.9483267716535433,0.13074822316082302,3854,51035,63009,210
boosting,0.17,0.5881989365665323,0.07348860352515645,0.9448818897637795,0.1363709004385887,3840,48413,65631,224
boosting,0.18,0.60829918379788,0.07664680270470917,0.9399606299212598,0.141736081479695,3820,46019,68025,244
boosting,0.19,0.6274426795814001,0.07998906276291436,0.9357775590551181,0.14738025112385678,3803,43741,70303,261
boosting,0.2,0.645383885934907,0.08333516955688253,0.9306102362204725,0.15297186886969888,3782,41601,72443,282
boosting,0.21,0.6629948860365089,0.08699470728268657,0.9261811023622047,0.15905009401871922,3764,39503,74541,300
boosting,0.22,0.6798608053645816,0.09071724840517137,0.9202755905511811,0.1651542249011945,3740,37487,76557,324
boosting,0.23,0.6953550987232024,0.09445757414042845,0.9146161417322834,0.17123114131060693,3717,35634,78410,347
boosting,0.24,0.7100196430385749,0.0984221589548466,0.9101870078740157,0.1776358441184239,3699,33884,80160,365
boosting,0.25,0.7236766349442882,0.10214993873231591,0.9025590551181102,0.18352846992895025,3668,32240,81804,396
boosting,0.26,0.7364530768449216,0.1059666288110422,0.8954232283464567,0.1895065746647572,3639,30702,83342,425
boosting,0.27,0.7485606394147729,0.11000213005507714,0.8895177165354331,0.19579169713217973,3615,29248,84796,449
boosting,0.28,0.7599569885189826,0.11398963730569948,0.8823818897637795,0.2018973622723306,3586,27873,86171,478
boosting,0.29,0.7704473871371965,0.11785382676747579,0.874507874015748,0.20771478667445936,3554,26602,87442,510
boosting,0.3,0.7805398448877299,0.12186851211072665,0.8666338582677166,0.21368765926465236,3522,25378,88666,542
boosting,0.31,0.7897178853252955,0.1260262134523981,0.8612204724409449,0.2198768689533861,3500,24272,89772,564
boosting,0.32,0.7983794493175738,0.1303208416008386,0.8565452755905512,0.22622258326563768,3481,23230,90814,583
boosting,0.33,0.806253598401463,0.13439794847884368,0.8511318897637795,0.23213986107848728,3459,22278,91766,605
boosting,0.34,0.8138991431571104,0.13844042621892153,0.843996062992126,0.2378640776699029,3430,21346,92698,634
boosting,0.35000000000000003,0.8213753513733193,0.14286912399882584,0.8383366141732284,0.244133137472681,3407,20440,93604,657
boosting,0.36,0.8288007586276966,0.14798675265818373,0.8356299212598425,0.2514438027543314,3396,19552,94492,668
boosting,0.37,0.8354302841467132,0.15230469986881984,0.828494094488189,0.2573077070039356,3367,18740,95304,697
boosting,0.38,0.8418142716835438,0.15671817029070587,0.8211122047244095,0.26320148282525535,3337,17956,96088,727
boosting,0.39,0.8478511193145257,0.16122588189436757,0.8142224409448819,0.2691556857003416,3309,17215,96829,755
boosting,0.4,0.8534476919429674,0.1657160163545505,0.8078248031496063,0.27501570680628273,3283,16528,97516,781
boosting,0.41000000000000003,0.8591119991871846,0.17071638039379974,0.8021653543307087,0.2815198618307426,3260,15836,98208,804
boosting,0.42,0.8644122328716091,0.1756595375094995,0.7962598425196851,0.28782353464377836,3236,15186,98858,828
boosting,0.43,0.8696277982863142,0.18076836412798558,0.7896161417322834,0.2941877521085442,3209,14543,99501,855
boosting,0.44,0.8749449656246825,0.18633540372670807,0.78248031496063,0.3009938476100331,3180,13886,100158,884
boosting,0.45,0.8794154502658583,0.19071350431506018,0.7721456692913385,0.3058777658641193,3138,13316,100728,926
boosting,0.46,0.8836657974057642,0.19572327044025156,0.765748031496063,0.3117611701061911,3112,12788,101256,952
boosting,0.47000000000000003,0.8882463507975751,0.2014510752336754,0.7583661417322834,0.3183391003460207,3082,12217,101827,982
boosting,0.48,0.8920987570698006,0.20624069310951673,0.749753937007874,0.3234950631701879,3047,11727,102317,1017
boosting,0.49,0.8960866325735767,0.21186381186381187,0.7426181102362205,0.3296739308536786,3018,11227,102817,1046
boosting,0.5,0.9003623801943983,0.21866783523225242,0.7367125984251969,0.33723811669294884,2994,10698,103346,1070
boosting,0.51,0.904079317235073,0.2249148049981068,0.7308070866141733,0.34396896172331926,2970,10235,103809,1094
boosting,0.52,0.907195109560741,0.2301009626672928,0.7234251968503937,0.3491479128317796,2940,9837,104207,1124
boosting,0.53,0.9105141057337353,0.2361482923663503,0.7162893700787402,0.3551949240436825,2911,9416,104628,1153
boosting,0.54,0.9133504927693298,0.24093046691299966,0.7059547244094488,0.35925369396443774,2869,9039,105005,1195
boosting,0.55,0.916330815863447,0.24721932568647897,0.7000492125984252,0.36539943488312354,2845,8663,105381,1219
boosting,0.56,0.9193026721305924,0.25349445396338716,0.6916830708661418,0.37101564046723423,2811,8278,105766,1253
boosting,0.5700000000000001,0.9222152606089342,0.26049555867227675,0.6855314960629921,0.37753235314045663,2786,7909,106135,1278
boosting,0.58,0.9250939817793884,0.26788314083276715,0.6791338582677166,0.384213823345166,2760,7543,106501,1304
boosting,0.59,0.9280997053544213,0.27618277395875457,0.672244094488189,0.39151619375179136,2732,7160,106884,1332
boosting,0.6,0.9305974193111389,0.2831811981953625,0.6641240157480315,0.3970577418168445,2699,6832,107212,1365
boosting,0.61,0.9331374674027162,0.2907979478222901,0.655511811023622,0.40287334593572777,2664,6497,107547,1400
boosting,0.62,0.9354404443390795,0.29847198641765704,0.6488681102362205,0.4088689045662454,2637,6198,107846,1427
boosting,0.63,0.9377518881024147,0.30640602920395665,0.640255905511811,0.4144632048423065,2602,5890,108154,1462
boosting,0.64,0.9403004030209638,0.31645569620253167,0.6336122047244095,0.4220965494631588,2575,5562,108482,1489
boosting,0.65,0.9425525789954956,0.32555455827670216,0.624753937007874,0.42805361207114556,2539,5260,108784,1525
boosting,0.66,0.944745487181224,0.3355597114613946,0.6181102362204725,0.434978354978355,2512,4974,109070,1552
boosting,0.67,0.946862193924205,0.3455738620497068,0.609005905511811,0.4409406734366649,2475,4687,109357,1589
boosting,0.68,0.9488349646086632,0.35565280816921957,0.5999015748031497,0.446561040388314,2438,4417,109627,1626
boosting,0.6900000000000001,0.9507908016391777,0.3667682926829268,0.5920275590551181,0.4529367469879518,2406,4154,109890,1658
boosting,0.7000000000000001,0.9524926338605344,0.37669376693766937,0.5814468503937008,0.45719260907419945,2363,3910,110134,1701
boosting,0.71,0.9544230704101331,0.3897710178840047,0.5738188976377953,0.4642181745794765,2332,3651,110393,1732
boosting,0.72,0.9561503031124056,0.4019694039036399,0.5625,0.46887498718080195,2286,3401,110643,1778
boosting,0.73,0.9576827987943238,0.41396462785556376,0.5529035433070866,0.4734513274336283,2247,3181,110863,1817
boosting,0.74,0.9589782233210282,0.4244826919357958,0.5401082677165354,0.47536545749864645,2195,2976,111068,1869
boosting,0.75,0.9605445863108342,0.43910911319983653,0.5287893700787402,0.4797945970082608,2149,2745,111299,1915
boosting,0.76,0.9618315440105666,0.4522375215146299,0.5172244094488189,0.48255280073461887,2102,2546,111498,1962
boosting,0.77,0.9631947031530463,0.46793564468615456,0.5081200787401575,0.48720066061106526,2065,2348,111696,1999
boosting,0.78,0.9642953906593965,0.48169418521177315,0.4953248031496063,0.4884144122285575,2013,2166,111878,2051
boosting,0.79,0.9653960781657466,0.4970893444697545,0.48326771653543305,0.49008109794136,1964,1987,112057,2100
boosting,0.8,0.9664882988451248,0.514118273841236,0.4749015748031496,0.4937324123816833,1930,1824,112220,2134
boosting,0.81,0.9674196498120364,0.5303370786516854,0.4645669291338583,0.49527806925498424,1888,1672,112372,2176
boosting,0.8200000000000001,0.9684864700104988,0.55092316855271,0.4552165354330709,0.4985179196981946,1850,1508,112536,2214
boosting,0.8300000000000001,0.9693077522267755,0.5690903367957192,0.4448818897637795,0.4993785388758459,1808,1369,112675,2256
boosting,0.84,0.9699342974226979,0.5849056603773585,0.4347933070866142,0.4988002822865208,1767,1254,112790,2297
boosting,0.85,0.9705015748298168,0.602112676056338,0.42076771653543305,0.49536500579374276,1710,1130,112914,2354
boosting,0.86,0.9711281200257391,0.6216517857142857,0.4111712598425197,0.49496445497630326,1671,1017,113027,2393
boosting,0.87,0.9717207979137739,0.6427444794952681,0.40108267716535434,0.49393939393939396,1630,906,113138,2434
boosting,0.88,0.9723134758018085,0.6672283066554339,0.38976377952755903,0.49207828518173347,1584,790,113254,2480
boosting,0.89,0.9727198834964609,0.6886200716845878,0.3781988188976378,0.4882465057179161,1537,695,113349,2527
boosting,0.9,0.973041622921394,0.7105263157894737,0.36540354330708663,0.48261293467663313,1485,605,113439,2579
boosting,0.91,0.9732448267687202,0.7344398340248963,0.3484251968503937,0.472630173564753,1416,512,113532,2648
boosting,0.92,0.9735834998475971,0.7628062360801782,0.33710629921259844,0.46757679180887374,1370,426,113618,2694
boosting,0.93,0.9736766349442882,0.7860994607549431,0.3228346456692913,0.45770102912960053,1312,357,113687,2752
boosting,0.9400000000000001,0.9737359027330917,0.8075447570332481,0.3107775590551181,0.4488272921108743,1263,301,113743,2801
boosting,0.9500000000000001,0.9736681681173164,0.8285123966942148,0.29601377952755903,0.43618564176939806,1203,249,113795,2861
boosting,0.96,0.9736597012903444,0.8553318419090231,0.28223425196850394,0.4244218316373728,1147,194,113850,2917
boosting,0.97,0.9732532935956921,0.8792958927074602,0.25812007874015747,0.3990869317101008,1049,144,113900,3015
boosting,0.98,0.9723050089748366,0.8891069676153092,0.22293307086614172,0.35648239228801887,906,113,113931,3158
boosting,0.99,0.9706793781962272,0.9055330634278003,0.16510826771653545,0.2792924037460978,671,70,113974,3393
boosting,1.0,0.9655908151861009,0.0,0.0,0.0,0,0,114044,4064
lr,0.0,0.034409184813899145,0.034409184813899145,1.0,0.06652915561667158,4064,114044,0,0
lr,0.01,0.0360517492464524,0.03446579710636566,1.0,0.0666349669612553,4064,113850,194,0
lr,0.02,0.037651979544146036,0.034521129751539606,1.0,0.06673837538693972,4064,113661,383,0
lr,0.03,0.0404968334067125,0.03461993883583641,1.0,0.06692300725383482,4064,113325,719,0
lr,0.04,0.04472178006570258,0.03475977003627404,0.999753937007874,0.0671836761690588,4063,112825,1219,1
lr,0.05,0.052689064246283064,0.0350178107830707,0.9990157480314961,0.06766384733969419,4060,111881,2163,4
lr,0.06,0.06595658211128798,0.0354732092893117,0.9982775590551181,0.06851188867873548,4057,110311,3733,7
lr,0.07,0.08255156297625901,0.035984410314819096,0.9950787401574803,0.06945708740532092,4044,108338,5706,20
lr,0.08,0.10276187895824161,0.03663050298736848,0.9911417322834646,0.07064993378761171,4028,105935,8109,36
lr,0.09,0.12446235648728282,0.03742712931403774,0.9889271653543307,0.07212461640615186,4019,103363,10681,45
lr,0.1,0.14884681816642395,0.038370245592542256,0.9864665354330708,0.07386730049932748,4009,100473,13571,55
lr,0.11,0.17393402648423475,0.03940847873419966,0.984251968503937,0.07578269312745702,4000,97501,16543,64
lr,0.12,0.20034205980966574,0.040573787157903295,0.9820374015748031,0.07792791033701721,3991,94373,19671,73
lr,0.13,0.22553087005113964,0.041695068111033046,0.9783464566929134,0.07998149321585549,3976,91383,22661,88
lr,0.14,0.25068581298472586,0.04287756074321105,0.9744094488188977,0.0821406347230865,3960,88396,25648,104
lr,0.15,0.27365631455955564,0.04388011385834682,0.9672736220472441,0.08395177738149902,3931,85654,28390,133
lr,0.16,0.2945270430453483,0.0449754282827355,0.9638287401574803,0.08594058537013473,3917,83175,30869,147
lr,0.17,0.3148812950858536,0.045951885811513375,0.9569389763779528,0.08769279336159466,3889,80743,33301,175
lr,0.18,0.33454126731466116,0.047116155846681086,0.953986220472441,0.08979733642154025,3877,78409,35635,187
lr,0.19,0.35348155925085517,0.04818448846947066,0.9485728346456693,0.09171038075866253,3855,76150,37894,209
lr,0.2,0.37110949300640095,0.049217375672517626,0.9431594488188977,0.09355283550760896,3833,74046,39998,231
lr,0.21,0.3881024147390524,0.0501991611490675,0.9365157480314961,0.0952905535665106,3806,72012,42032,258
lr,0.22,0.40449419175669726,0.051174383008696124,0.9296259842519685,0.09700860187443831,3778,70048,43996,286
lr,0.23,0.42142784570054526,0.052312621900250766,0.9239665354330708,0.09901903908021728,3755,68025,46019,309
lr,0.24,0.43821756358587055,0.053414973400060226,0.9165846456692913,0.10094714163764719,3725,66012,48032,339
lr,0.25,0.4548464117587293,0.05464747139165744,0.9106791338582677,0.10310771845268774,3701,64024,50020,363
lr,0.26,0.4720256036847631,0.05606494455952236,0.905757874015748,0.10559380378657486,3681,61975,52069,383
lr,0.27,0.48964507061333695,0.057468549745721347,0.8981299212598425,0.10802491972120691,3650,59863,54181,414
lr,0.28,0.5081874216818505,0.05904631307442415,0.8900098425196851,0.110745395814516,3617,57640,56404,447
lr,0.29,0.5261963626511329,0.0604417942810679,0.8779527559055118,0.11309750221884114,3568,55464,58580,496
lr,0.3,0.5448149151623938,0.06217954365254163,0.8683562992125984,0.11604926092175144,3529,53226,60818,535
lr,0.31,0.5641108138314085,0.06426891126957289,0.8604822834645669,0.1196046241192968,3497,50915,63129,567
lr,0.32,0.5827293663426695,0.06629452724866203,0.8503937007874016,0.12300026692766261,3456,48675,65369,608
lr,0.33,0.6019913977037965,0.06857544705645971,0.8398129921259843,0.1267971913660512,3413,46357,67687,651
lr,0.34,0.6210840925254851,0.07119822952892824,0.8312007874015748,0.13116154458444157,3378,44067,69977,686
lr,0.35000000000000003,0.6389660310901887,0.0736688548504741,0.8201279527559056,0.1351937858721885,3333,41910,72134,731
lr,0.36,0.6563822941714363,0.076196444320661,0.8078248031496063,0.1392576882290562,3283,39803,74241,781
lr,0.37,0.67268093609239,0.07906456087411481,0.7994586614173228,0.1438979560201076,3249,37844,76200,815
lr,0.38,0.6883445659904495,0.08200362531593862,0.7903543307086615,0.14859019730298612,3212,35957,78087,852
lr,0.39,0.702763572323636,0.08482238390755403,0.7802657480314961,0.15301100173711638,3171,34213,79831,893
lr,0.4,0.7170979103871034,0.0878528296587558,0.7696850393700787,0.15770500894905343,3128,32477,81567,936
lr,0.41000000000000003,0.7302638263284451,0.09090373859287607,0.7598425196850394,0.162381027501709,3088,30882,83162,976
lr,0.42,0.7428201307278084,0.0939033801512579,0.7485236220472441,0.16687237719081707,3042,29353,84691,1022
lr,0.43,0.7548853591628002,0.09713138638865505,0.7381889763779528,0.17167381974248927,3000,27886,86158,1064
lr,0.44,0.765494293358621,0.10010491048766455,0.7278543307086615,0.17600333204414956,2958,26591,87453,1106
lr,0.45,0.7763995664984591,0.10354494162733757,0.718011811023622,0.18098930066677005,2918,25263,88781,1146
lr,0.46,0.7863057540556101,0.10669044169545674,0.7066929133858267,0.18539198915534327,2872,24047,89997,1192
lr,0.47000000000000003,0.7958309343990246,0.11001322648408932,0.6958661417322834,0.18998992274101448,2828,22878,91166,1236
lr,0.48,0.8048819724320114,0.11340584137846756,0.6850393700787402,0.19459686156642086,2784,21765,92279,1280
lr,0.49,0.8139076099840824,0.1170208217538159,0.6734744094488189,0.19939533020070668,2737,20652,93392,1327
lr,0.5,0.8227131100348833,0.12121212121212122,0.6643700787401575,0.20501917308933523,2700,19575,94469,1364
lr,0.51,0.8305279913299691,0.1249412207279225,0.6537893700787402,0.20979076194236085,2657,18609,95435,1407
lr,0.52,0.8377332610830766,0.12880389361388328,0.6446850393700787,0.21471010038926447,2620,17721,96323,1444
lr,0.53,0.8447522606428015,0.1325437693099897,0.6333661417322834,0.21921308124680636,2574,16846,97198,1490
lr,0.54,0.8516781251058353,0.13673182849119775,0.6230314960629921,0.22424940217872638,2532,15986,98058,1532
lr,0.55,0.8579097097571714,0.14040940963582899,0.6109744094488189,0.22834283612286185,2483,15201,98843,1581
lr,0.56,0.8641412944085075,0.14432438850629303,0.5981791338582677,0.23254256743830112,2431,14413,99631,1633
lr,0.5700000000000001,0.8696701324211739,0.14810213083183202,0.5866141732283464,0.23649620554535986,2384,13713,100331,1680
lr,0.58,0.8746401598536933,0.15186673580502982,0.5765255905511811,0.2404063205417607,2343,13085,100959,1721
lr,0.59,0.8793223151691673,0.15547440319199296,0.5656988188976378,0.2439127897724259,2299,12488,101556,1765
lr,0.6,0.8838859349070343,0.15997181113460182,0.5585629921259843,0.24871261093458968,2270,11920,102124,1794
lr,0.61,0.8886527584922275,0.164562569213732,0.5484744094488189,0.25316599466182066,2229,11316,102728,1835
lr,0.62,0.8934195820774207,0.16966361804371416,0.5386318897637795,0.2580455027702464,2189,10713,103331,1875
lr,0.63,0.8973735902733092,0.17393767705382437,0.5287893700787402,0.26176990072477013,2149,10206,103838,1915
lr,0.64,0.9014546008737765,0.17867141766352762,0.5182086614173228,0.265724559964671,2106,9681,104363,1958
lr,0.65,0.9052816066650862,0.18384376387039503,0.5095964566929134,0.27020679757322724,2071,9194,104850,1993
lr,0.66,0.908871541301182,0.18902608857116332,0.5009842519685039,0.27448601280754975,2036,8735,105309,2028
lr,0.67,0.9120466014156535,0.193366951124903,0.4906496062992126,0.27740678909293265,1994,8318,105726,2070
lr,0.68,0.9150692586446303,0.1981179803703329,0.48179133858267714,0.28077722807772276,1958,7925,106119,2106
lr,0.6900000000000001,0.9181681173163545,0.20355668466179738,0.4731791338582677,0.28465694619199167,1923,7524,106520,2141
lr,0.7000000000000001,0.921123039929556,0.20932034536196592,0.4653051181102362,0.2887463734921362,1891,7143,106901,2173
lr,0.71,0.9232651471534528,0.2126681227727325,0.4552165354330709,0.289900493614354,1850,6849,107195,2214
lr,0.72,0.9255511904358723,0.2164528120877803,0.44414370078740156,0.2910586148512457,1805,6534,107510,2259
lr,0.73,0.9278626341992076,0.22143035758939736,0.4357775590551181,0.2936494776985575,1771,6227,107817,2293
lr,0.74,0.9298862058454973,0.22534844340237073,0.4256889763779528,0.2946938080231667,1730,5947,108097,2334
lr,0.75,0.9318928438378433,0.2302060737527115,0.41781496062992124,0.29685314685314684,1698,5678,108366,2366
lr,0.76,0.9336962779828631,0.23332861390344045,0.40551181102362205,0.2962164105329379,1648,5415,108629,2416
lr,0.77,0.935491245300911,0.23833357868393934,0.3983759842519685,0.2982407663258727,1619,5174,108870,2445
lr,0.78,0.9373031462729028,0.24311856066430879,0.3890255905511811,0.29923346266679285,1581,4922,109122,2483
lr,0.79,0.9389118433975683,0.24804094034863267,0.38164370078740156,0.30066879906949695,1551,4702,109342,2513
lr,0.8,0.9406390760998409,0.2525608732157851,0.3700787401574803,0.30022956382872545,1504,4451,109593,2560
lr,0.81,0.9420953703390118,0.25602250747318445,0.35826771653543305,0.29863603732950467,1456,4231,109813,2608
lr,0.8200000000000001,0.9436024655400143,0.26134901672486677,0.3499015748031496,0.2992109416096791,1422,4019,110025,2642
lr,0.8300000000000001,0.944847089104887,0.2660427807486631,0.34276574803149606,0.2995698924731182,1393,3843,110201,2671
lr,0.84,0.9459731770921529,0.2696361105587592,0.33366141732283466,0.2982514021774992,1356,3673,110371,2708
lr,0.85,0.9471415992142784,0.27372793354101765,0.3243110236220472,0.2968802793107332,1318,3497,110547,2746
lr,0.86,0.9484031564330951,0.27915578764142734,0.3156988188976378,0.29630484988452654,1283,3313,110731,2781
lr,0.87,0.9495800453821925,0.28506478745169356,0.30856299212598426,0.2963488124778447,1254,3145,110899,2810
lr,0.88,0.9506299319267112,0.2893921334922527,0.2987204724409449,0.2939823223150502,1214,2981,111063,2850
lr,0.89,0.9514935482778474,0.29192701824543865,0.2874015748031496,0.2896466212027278,1168,2833,111211,2896
lr,0.9,0.952204761743489,0.29344133786255555,0.2763287401574803,0.2846280572804461,1123,2704,111340,2941
lr,0.91,0.9531530463643445,0.29804784162771514,0.26673228346456695,0.2815218802752889,1084,2553,111491,2980
lr,0.92,0.953771124733295,0.2979154603358425,0.2531988188976378,0.2737430167597766,1029,2425,111619,3035
lr,0.93,0.9545331391607681,0.3012781497261108,0.24360236220472442,0.2693877551020408,990,2296,111748,3074
lr,0.9400000000000001,0.9551258170488028,0.3019230769230769,0.23179133858267717,0.262249443207127,942,2178,111866,3122
lr,0.9500000000000001,0.9556507603210621,0.300475866757308,0.21751968503937008,0.2523551241792749,884,2058,111986,3180
lr,0.96,0.9561757035933214,0.2994227994227994,0.20423228346456693,0.2428320655354008,830,1942,112102,3234
lr,0.97,0.9565905781149456,0.2942315137437089,0.18700787401574803,0.22867459004061982,760,1823,112221,3304
lr,0.98,0.9567175805195245,0.27983193277310925,0.1638779527559055,0.20670391061452512,666,1714,112330,3398
lr,0.99,0.9568022487892437,0.2590529247910863,0.13730314960629922,0.1794789321325185,558,1596,112448,3506
lr,1.0,0.9555660920513428,0.010743801652892562,0.0031988188976377952,0.004929844520288206,13,1197,112847,4051
